Alphazone,Flash Back (Onova Bootleg),6:37
CamelPhat & Elderbrook,Cola (Broning Bootleg),6:55
Cherrymoon Trax,The House Of House (Nina Kraviz Rework),5:55
D-Mad,Forsheez (Eximinds Remix),7:41
Eric Prydz vs. Pink Floyd,Proper Education (Ben Cappa Edit),6:09
Erick Strong,Civilisation,7:21
Evol Waves,Name Is The Answer,7:19
Fred Baker pres. Y-Traxx,Mystery Land 2009 (Sickboy's Courtyard Remix),7:33
gardenstate,Amsterdam,5:23
Gareth Emery ft. Sarah de Warren,Vertigo (Robert Nickson Remix),5:27
Gesaffelstein,OPR,3:53
Graham Lloris,Longing (Yuriy from Russia Remix),7:21
Hans Zimmer,Inception OST,3:52
Haxxy,Space 87,6:28
Ivan Gough & Jebu,Noxu,6:19
Jean-Michel Jarre & Armin van Buuren,Stardust,6:32
Jean-Michel Jarre & Tangerine Dream,Zero Gravity (Above & Beyond Remix),6:32
Jody Wisternoff & James Grant,Anjunadeep 05 Mix,8:55
Jorn van Deynhoven,One Nature,2:59
Kay-D,Unforgettable Memories (Original Mix),8:07
Ketho feat. Michael Calderone,Break Of Day,7:47
Kryder & The Wulf,Good Vibes,5:42
Lane 8,Rise,6:57
Lee Osborne,End Of The Line,6:46
LEXWOOD feat. Ferrin & Low,Chimaera,8:53
Little Giants,Lately,3:01
LTN Katty Heath Feat. Eranga,Don't Push Me Back (Estiva Remix),2:49
Luke Chable,Comet (Zerothree Mix),45:59
Luke Chable,Echo,7:28
Lush & Simon & Rico & Miella,We Are Lost (Marnik Remix),7:06
M.I.K.E.,Back In Time (Classics ReTake),7:10
M.I.K.E. pres. Plastic Boy,Red,7:50
M.I.K.E. Vs. York Feat. Asheni,Across The Ocean (M.I.K.E.'s Club Mix),7:18
Marcel Woods,Champagne Dreams (W&W Remix),6:01
Marco V,Godd(David ForbesRework),7:21
Marcus Schossow,"Acid, Festival, Champagne Bitches (Original Mix)",6:21
Marcus Schossow & Ashley Wallbridge,Fisk & Chips,10:24
Marsh,Fulfilment,7:02
Matias Faint,Casino Fire (Heatbeat Original Mix),3:13
Matt Fax,Going Down (Original Mix) Lion Bar,8:12
Matt Skyer,Lunar (Aquile & TB Remix),2:54
Melgazzo,Stargaze,5:44
Members Of Mayday,10 In 01 (Omar Sherif Rework),6:34
Menno de Jong & Adam Ellis,Solicitude,7:51
Michael Brun & Dirty Twist,Woo (Original Mix),4:13
Micro,By Your Side (Ronski Speed Remix),10:47
Miller & Divini,Many Years,6:27
Moby,Slipping Away,3:39
Moonbeam feat. Avis Vox,The Lilt (ProgressiveR Remix),6:37
Morandi,Angels (Bobina's Megadrive Dub),2:44
Motorcycle,As The Rush Comes (Gabriel And Dresden Chillout remix),10:46
N&R Project,Globalistic (Alex Rusin Remix),4:40
Narayana,Electra,6:28
Nirvana,Smells Like Teen Spirit (C-Quence Bootleg),5:47
NITEPPL,Schatner,3:29
Octagen Robert Nickson,Recognition,3:23
Pryda,Melbourne Trak / UMF 2014 ID (Working Title) (UMF 2015 Edit),4:07
Radiohead vs. Heatbeat,Everything Is Louding (Heatbeat Edit Mix),3:51
Sharam Jey & Chemical Surf & Illusionize,Bass (Fatboy Slim Disco Ball Re-Edit),5:01
Stoneface & Terminal,Lose My Need (Destinations 20)(Sam Laxton Remix),5:44
