Artist;Title;Length
Alphazone;Flash Back (Onova Bootleg);Bootleg
CamelPhat & Elderbrook;Cola (Broning Bootleg);Bootleg
Cherrymoon Trax;The House Of House (Nina Kraviz Rework);Rework
D-Mad;Forsheez (Eximinds Remix);
Eric Prydz vs. Pink Floyd;Proper Education (Ben Cappa Edit);
Erick Strong;Civilisation;
Evol Waves;Name Is The Answer;
Fred Baker pres. Y-Traxx;Mystery Land 2009 (Sickboy's Courtyard Remix);
gardenstate;Amsterdam;
Gareth Emery ft. Sarah de Warren;Vertigo (Robert Nickson Remix);
Gesaffelstein;OPR;
Graham Lloris;Longing (Yuriy from Russia Remix);
Hans Zimmer;Inception OST;
Haxxy;Space 87;
Ivan Gough & Jebu;Noxu;
Jean-Michel Jarre & Armin van Buuren;Stardust;
Jean-Michel Jarre & Tangerine Dream;Zero Gravity (Above & Beyond Remix);
Jody Wisternoff & James Grant;Anjunadeep 05 Mix;
Jorn van Deynhoven;One Nature;
Kay-D;Unforgettable Memories (Original Mix);
Ketho feat. Michael Calderone;Break Of Day;
Kryder & The Wulf;Good Vibes;
Lane 8;Rise;
Lee Osborne;End Of The Line;
LEXWOOD feat. Ferrin & Low;Chimaera;
Little Giants;Lately;
LTN Katty Heath Feat. Eranga;Don't Push Me Back (Estiva Remix);
Luke Chable;Comet (Zerothree Mix);
Luke Chable;Echo;
Lush & Simon & Rico & Miella;We Are Lost (Marnik Remix);
M.I.K.E.;Back In Time (Classics ReTake);
M.I.K.E. pres. Plastic Boy;Red;
M.I.K.E. Vs. York Feat. Asheni;Across The Ocean (M.I.K.E.'s Club Mix);
Marcel Woods;Champagne Dreams (W&W Remix);
Marco V;Godd(David ForbesRework);
Marcus Schossow;Acid, Festival, Champagne Bitches (Original Mix);
Marcus Schossow & Ashley Wallbridge;Fisk & Chips;
Marsh;Fulfilment;
Matias Faint;Casino Fire (Heatbeat Original Mix);
Matt Fax;Going Down (Original Mix) Lion Bar;
Matt Skyer;Lunar (Aquile & TB Remix);
Melgazzo;Stargaze;
Members Of Mayday;10 In 01 (Omar Sherif Rework);
Menno de Jong & Adam Ellis;Solicitude;
Michael Brun & Dirty Twist;Woo (Original Mix);
Micro;By Your Side (Ronski Speed Remix);
Miller & Divini;Many Years;
Moby;Slipping Away;
Moonbeam feat. Avis Vox;The Lilt (ProgressiveR Remix);
Morandi;Angels (Bobina's Megadrive Dub);
Motorcycle;As The Rush Comes (Gabriel And Dresden Chillout remix);
N&R Project;Globalistic (Alex Rusin Remix);
Narayana;Electra;
Nirvana;Smells Like Teen Spirit (C-Quence Bootleg);
NITEPPL;Schatner;
Octagen Robert Nickson;Recognition;
Pryda;Melbourne Trak / UMF 2014 ID (Working Title) (UMF 2015 Edit);
Radiohead vs. Heatbeat;Everything Is Louding (Heatbeat Edit Mix);
Sharam Jey & Chemical Surf & Illusionize;Bass (Fatboy Slim Disco Ball Re-Edit);
Stoneface & Terminal;Lose My Need (Destinations 20)(Sam Laxton Remix);
